{
  "0A9B4653-B11E-4D6A-850E-C6FCB621626C" : {
    "cameraTransform" : [
      1,
      0,
      0,
      0,
      0,
      0.86602544784545898,
      -0.49999994039535522,
      0,
      0,
      0.49999994039535522,
      0.86602544784545898,
      0,
      0.0035969093441963196,
      0.35542377829551697,
      0.62919163703918457,
      1
    ],
    "objectMetadataList" : [
      [
        "0A9B4653-B11E-4D6A-850E-C6FCB621626C",
        "Root"
      ],
      {
        "isExpanded" : true,
        "isLocked" : false
      }
    ]
  },
  "0A984071-0FA9-413D-9879-793047519C45" : {
    "cameraTransform" : [
      1,
      0,
      0,
      0,
      0,
      0.86602461338043213,
      -0.50000137090682983,
      0,
      0,
      0.50000137090682983,
      0.86602461338043213,
      0,
      0.04423069953918457,
      8.7305879592895508,
      13.346830368041992,
      1
    ],
    "objectMetadataList" : [
      [
        "0A984071-0FA9-413D-9879-793047519C45",
        "christmas_tree"
      ],
      {
        "isExpanded" : true,
        "isLocked" : false
      }
    ]
  },
  "008F71D4-B188-46C5-90BF-096460CAA47E" : {
    "cameraTransform" : [
      -0.045879140496253967,
      -9.7315644431716919e-10,
      0.99894696474075317,
      0,
      0.99563765525817871,
      0.081330813467502594,
      0.04572715237736702,
      0,
      -0.081245154142379761,
      0.99668723344802856,
      -0.0037313874345272779,
      0,
      0.0017453648615628481,
      2.7398567199707031,
      8.0175319453701377e-05,
      1
    ],
    "objectMetadataList" : [
      [
        "008F71D4-B188-46C5-90BF-096460CAA47E",
        "scene",
        "Meshes",
        "Sketchfab_model",
        "_9d45fc4807b4a2cab05de371e98ad38_fbx",
        "RootNode",
        "presi_round_1_white",
        "presi_round_1_white_christmas_tree_mat_0"
      ],
      {
        "isExpanded" : true,
        "isLocked" : false
      },
      [
        "008F71D4-B188-46C5-90BF-096460CAA47E",
        "scene",
        "Meshes",
        "Sketchfab_model",
        "_9d45fc4807b4a2cab05de371e98ad38_fbx"
      ],
      {
        "isExpanded" : true,
        "isLocked" : false
      },
      [
        "008F71D4-B188-46C5-90BF-096460CAA47E",
        "scene",
        "Meshes",
        "Sketchfab_model",
        "_9d45fc4807b4a2cab05de371e98ad38_fbx",
        "RootNode"
      ],
      {
        "isExpanded" : true,
        "isLocked" : false
      },
      [
        "008F71D4-B188-46C5-90BF-096460CAA47E",
        "scene",
        "Meshes",
        "Sketchfab_model",
        "_9d45fc4807b4a2cab05de371e98ad38_fbx",
        "RootNode",
        "presi_round_1_white"
      ],
      {
        "isExpanded" : true,
        "isLocked" : false
      },
      [
        "008F71D4-B188-46C5-90BF-096460CAA47E",
        "present_round_white_1"
      ],
      {
        "isExpanded" : true,
        "isLocked" : false
      },
      [
        "008F71D4-B188-46C5-90BF-096460CAA47E",
        "scene",
        "Meshes",
        "Sketchfab_model"
      ],
      {
        "isExpanded" : true,
        "isLocked" : false
      },
      [
        "008F71D4-B188-46C5-90BF-096460CAA47E",
        "scene",
        "Meshes"
      ],
      {
        "isExpanded" : true,
        "isLocked" : false
      }
    ]
  },
  "34CFDA70-2F96-429E-9D10-0D07CB9097BE" : {
    "cameraTransform" : [
      0.95229840278625488,
      -0.00026476019411347806,
      -0.30516844987869263,
      0,
      -0.3016851544380188,
      0.1498449295759201,
      -0.9415585994720459,
      0,
      0.045977227389812469,
      0.98870950937271118,
      0.14261721074581146,
      0,
      -1.3089306354522705,
      8.7544145584106445,
      0.17387628555297852,
      1
    ],
    "objectMetadataList" : [
      [
        "34CFDA70-2F96-429E-9D10-0D07CB9097BE",
        "Root",
        "christmas_tree"
      ],
      {
        "isExpanded" : true,
        "isLocked" : false
      },
      [
        "34CFDA70-2F96-429E-9D10-0D07CB9097BE",
        "christmas_eve"
      ],
      {
        "isExpanded" : true,
        "isLocked" : false
      },
      [
        "34CFDA70-2F96-429E-9D10-0D07CB9097BE",
        "christmas_eve",
        "materials",
        "siluet_material"
      ],
      {
        "isExpanded" : true,
        "isLocked" : false
      }
    ]
  },
  "50B3F5C3-CD68-4C27-A5C7-707D3F303522" : {
    "cameraTransform" : [
      1,
      0,
      0,
      0,
      0,
      0.86888092756271362,
      -0.49502116441726685,
      0,
      0,
      0.49502116441726685,
      0.86888092756271362,
      0,
      -9.0130125585119458e-10,
      2.4490258693695068,
      3.9721415042877197,
      1
    ],
    "objectMetadataList" : [
      [
        "50B3F5C3-CD68-4C27-A5C7-707D3F303522",
        "scene",
        "Meshes",
        "Sketchfab_model",
        "_9d45fc4807b4a2cab05de371e98ad38_fbx"
      ],
      {
        "isExpanded" : true,
        "isLocked" : false
      },
      [
        "50B3F5C3-CD68-4C27-A5C7-707D3F303522",
        "scene",
        "Meshes",
        "Sketchfab_model",
        "_9d45fc4807b4a2cab05de371e98ad38_fbx",
        "RootNode"
      ],
      {
        "isExpanded" : true,
        "isLocked" : false
      },
      [
        "50B3F5C3-CD68-4C27-A5C7-707D3F303522",
        "scene",
        "Meshes",
        "Sketchfab_model"
      ],
      {
        "isExpanded" : true,
        "isLocked" : false
      },
      [
        "50B3F5C3-CD68-4C27-A5C7-707D3F303522",
        "present_square_red_1"
      ],
      {
        "isExpanded" : true,
        "isLocked" : false
      },
      [
        "50B3F5C3-CD68-4C27-A5C7-707D3F303522",
        "scene",
        "Meshes",
        "Sketchfab_model",
        "_9d45fc4807b4a2cab05de371e98ad38_fbx",
        "RootNode",
        "presi_square_1_red",
        "presi_square_1_red_christmas_tree_mat_0"
      ],
      {
        "isExpanded" : true,
        "isLocked" : false
      },
      [
        "50B3F5C3-CD68-4C27-A5C7-707D3F303522",
        "scene",
        "Meshes",
        "Sketchfab_model",
        "_9d45fc4807b4a2cab05de371e98ad38_fbx",
        "RootNode",
        "presi_square_1_red"
      ],
      {
        "isExpanded" : true,
        "isLocked" : false
      },
      [
        "50B3F5C3-CD68-4C27-A5C7-707D3F303522",
        "scene",
        "Meshes"
      ],
      {
        "isExpanded" : true,
        "isLocked" : false
      }
    ]
  },
  "65F6F990-A780-4474-B78B-572E0E4E273D" : {
    "cameraTransform" : [
      1,
      0,
      0,
      0,
      0,
      0.86602544784545898,
      -0.49999988079071045,
      0,
      0,
      0.49999988079071045,
      0.86602544784545898,
      0,
      1.1972517199865251e-08,
      2.6179132461547852,
      0.43191218376159668,
      1
    ],
    "objectMetadataList" : [
      [
        "65F6F990-A780-4474-B78B-572E0E4E273D",
        "Root"
      ],
      {
        "isExpanded" : true,
        "isLocked" : false
      }
    ]
  },
  "1510F6C7-214D-4800-9C6C-F3964D5FC3E3" : {
    "cameraTransform" : [
      0.99999994039535522,
      0,
      0,
      0,
      0,
      0.86602538824081421,
      -0.49999994039535522,
      0,
      0,
      0.49999994039535522,
      0.86602538824081421,
      0,
      0,
      0.27093535661697388,
      0.46927383542060852,
      1
    ],
    "objectMetadataList" : [
      [
        "1510F6C7-214D-4800-9C6C-F3964D5FC3E3",
        "Root"
      ],
      {
        "isExpanded" : true,
        "isLocked" : false
      }
    ]
  },
  "2510E543-1ED7-4067-9700-CF3819F9394A" : {
    "cameraTransform" : [
      1,
      0,
      0,
      0,
      0,
      0.86602532863616943,
      -0.50000011920928955,
      0,
      0,
      0.50000011920928955,
      0.86602532863616943,
      0,
      0.076025396585464478,
      1.809422492980957,
      2.4429235458374023,
      1
    ],